1996/05/27 1500,1996/05/27 1500,1996/05/29 0300,...,...,0,4,N,...,2,0,370,400,9,2,-33,...,
1996/07/01 1320,1996/07/01 1800,1996/07/02 1100,...,...,0,0,N,...,3,40,360,370,11,2,-20,...,
1996/08/07 0600,1996/08/07 1200,1996/08/08 1000,...,...,0,0,N,...,2,10,350,380,7,2,-23,...,
1996/12/23 1600,1996/12/23 1700,1996/12/25 1100,...,...,10,0,N,...,2,20,360,420,10,2,-18,435,1996/12/19 1630 H
1997/01/10 0104,1997/01/10 0400,1997/01/11 0200,...,...,0,0,Y,...,1,100 S,450,460,14,2,-78,507,1997/01/06 1510 H
1997/02/09 1321,1997/02/10 0200,1997/02/10 1900,...,...,0,0,Y,...,2,90 S,450,600,8,2,-68,683,1997/02/07 0030 H
1997/04/10 1745,1997/04/11 0600,1997/04/11 1900,...,...,0,0,Y,...,1,150,460,470,20,2,-82,552,1997/04/07 1427 H
1997/04/21 0600,1997/04/21 1000,1997/04/23 0400,...,...,4,2,Y,...,2,40,360,420,12,2,-107,...,
1997/05/15 0159,1997/05/15 0900,1997/05/16 0000,...,...,0,0,N,Y,1,150 S,450,480,21,2,-115,616,1997/05/12 0530 H
1997/05/26 0957,1997/05/26 1600,1997/05/27 1000,...,...,0,9,Y,...,2,70 S,340,350,10,2H,-74,381,1997/05/21 2100
1997/06/08 1636,1997/06/08 1800,1997/06/10 0000,...,...,8,0,Y,...,3,30,380,400,12,2,-84,...,
1997/06/19 0032,1997/06/19 0700,1997/06/20 2300,...,...,-2,-31,Y,Y,2,60,360,390,8,2,-36,...,
1997/07/15 0311,1997/07/15 0800,1997/07/16 1100,...,...,0,-11,Y,Y,2,80,350,360,10,2,-45,...,
1997/08/03 1042,1997/08/03 1300,1997/08/04 0300,...,...,0,0,Y,...,1,80,400,480,16,2,-48,410,1997/07/30 0445 H
1997/08/17 0200,1997/08/17 0600,1997/08/17 2000,...,...,...,...,N,...,2W,60,390,410,7,0,-28,...,
1997/09/03 0800,1997/09/03 1300,1997/09/03 2100,...,...,...,...,Y,N,3W,40 S,410,430,14,1,-98,405,1997/08/30 0130 H
1997/09/21 1651,1997/09/21 2100,1997/09/22 1600,...,...,3,0,N,...,1,110,440,470,16,2,-36,450,1997/09/17 2028 H
1997/10/01 0059,1997/10/01 1600,1997/10/02 2300,...,...,0,0,Y,N,1,60 S,450,470,10,2,-98,580,1997/09/28 0108 H
1997/10/10 0300,1997/10/10 1100,1997/10/10 2200,...,...,...,...,Y,...,2,30,430,460,8,1,-64,...,
1997/10/10 1612,1997/10/10 2200,1997/10/12 0000,...,...,0,0,Y,Y,1,40 S,400,450,12,2,-130,430,1997/10/06 1528
1997/10/26 1200,1997/10/27 0000,1997/10/28 0700,...,...,...,...,Y,...,2,40,500,520,7,1,-60,572,1997/10/23 1126 H
1997/11/06 2248,1997/11/07 0400,1997/11/09 1200,...,...,11,-21 (2 MCs),Y,N,2,140 S,400,460,11,2,-110,640,1997/11/04 0610 H
1997/11/22 0949,1997/11/22 1900,1997/11/23 1400,...,...,0,-2,Y,...,1,170 S,510,520,17,2,-108,640,dg (1997/11/19 1700)
1997/11/23 1900,1997/11/24 0000,1997/11/25 0000,...,...,...,...,Y,...,2,100,530,590,5,0,-47,...,
1997/12/10 0526,1997/12/10 1800,1997/12/12 0000,...,...,...,...,...,...,2,50 S,350,380,12,0,-60,460,1997/12/06 1027
1997/12/30 0209,1997/12/30 1000,1997/12/31 1100,...,...,...,...,Y,...,3,50 S,370,410,12,1,-77,430,1997/12/26 0231
1998/01/06 1416,1998/01/07 0100,1998/01/08 2200,...,...,2,0 (2 MCs),Y,..,2,80 S,400,410,16,2,-77,480,1998/01/02 2328 H
1998/01/09 0700,1998/01/09 0700,1998/01/10 0800,...,...,...,...,N,...,2,0,450,500,6,1,-28,...,
1998/01/20 0000,1998/01/20 1700,1998/01/21 0400,...,...,...,...,Y,...,3W,50,430,450,5,1,-29,...,
1998/01/21 0400,1998/01/21 0600,1998/01/22 1300,...,...,...,...,N,...,3W,0,380,400,13,0,-11,430,1998/01/17 0409 H
1998/01/28 1600(A),1998/01/29 2000,1998/01/31 0100,...,...,...,...,Y,N,2,30 S,380,410,7,0,-55,557,1998/01/25 1526 H
1998/02/04 0000,1998/02/04 0400,1998/02/05 2300,...,...,0,0,Y,...,1,50,320,390,11,2,-34,...,
1998/02/17 0400,1998/02/17 1000,1998/02/17 2100,ns,ns,0,7,Y,...,2W,30,400,420,12,2H,-100,602,1998/02/14 0655
1998/02/18 0750(A),1998/02/19 0100,1998/02/20 0000,-3,...,...,...,N,...,2,20 S,440,460,9,1,-51,...,
1998/03/04 1156,1998/03/04 1300,1998/03/06 0900,0,-9,0,-3,N,...,1,30 S,350,380,12,2,-36,440,1998/02/28 1248
1998/03/25 1000,1998/03/25 1300,1998/03/26 1000,...,...,...,...,Y,Y,1,20,400,400,10,1,-56,...,
1998/03/30 2200,1998/03/31 1100,1998/04/03 0200,-6,0,...,...,N,Y,1,30,360,430,7,0,-35,...,
1998/04/11 2300,1998/04/11 2300,1998/04/13 1800,ns,ns,...,...,N,...,3W,20,390,390,8,0,-46,...,
1998/05/01 2156,1998/05/02 0500,1998/05/04 0200,-2,-24,7,-9,Y,Y,1,150 S,520,650,11,2,-85,780,1998/04/29 1658 H
1998/05/04 0215(A),1998/05/04 1000,1998/05/07 2300,-7,0,...,...,Y,...,2,250 Wv,550,830,10,0,-205,1150,1998/05/02 1406 H(p)
1998/06/02 0800,1998/06/02 1000,1998/06/02 1800,...,...,0,0,N,...,2,10,390,400,9,2,-1,...,
1998/06/13 1925,1998/06/14 0400,1998/06/15 0600,...,...,...,...,Y,N,3,80 S,340,380,10,1,-55,...,
1998/06/24 1000,1998/06/24 1600,1998/06/25 2300,0,0,0,0,Y,...,2,80,450,540,12,2,-25,...,1998/06/21 0535?
1998/06/25 1636,1998/06/26 0400,1998/06/26 1900,0,0,...,...,Y,...,2,30 S,470,490,11,0,-101,...,
1998/07/05 0315(A),1998/07/06 0600,1998/07/09 0700,0,...,...,...,N,...,1,50 S,450,630,5,0,-30,dg,dg
1998/07/10 2300,1998/07/11 0000,1998/07/13 1500,...,...,...,...,Y,Y,3W,20,400,430,10,0,-35,dg,dg
1998/08/01 0400,1998/08/01 0400,1998/08/03 1000,0,...,...,...,N,Y,3,30,410,450,7,1,-6,dg,dg
1998/08/05 1300,1998/08/05 1300,1998/08/06 1200,...,...,...,...,Y,Y,2W,0,360,390,8,1,-138,dg,dg
1998/08/07 1100,1998/08/07 2300,1998/08/09 2300,...,...,...,...,N,Y,2,0,450,500,7,0,-62,dg,dg
1998/08/10 0046,1998/08/10 1100,1998/08/10 2200,ns,ns,...,...,Y,N,3W,100 S,450,500,7,0,-27,dg,dg
1998/08/11 2300,1998/08/12 0100,1998/08/13 1400,ns,ns,...,...,Y,...,3W,20,370,420,8,1,-19,dg,dg
1998/08/19 1847,1998/08/20 0600,1998/08/21 2000,0,0,4,0,Y,Y,1,50 S,320,340,13,2,-67,dg,dg
1998/08/26 0651,1998/08/26 2200,1998/08/28 0000,0,18,...,...,Y,...,2,200 S,650,860,14,0,-155,1260,dg (1998/08/24 2200)
1998/09/23 0200,1998/09/23 0400,1998/09/23 1800,ns,ns,...,...,Y,N,2,80,420,490,7,1,-33,dg,dg
1998/09/24 2345,1998/09/25 0600,1998/09/26 1600,-2,4,4,-3,Y,Y,1,300 S,640,820,13,2,-207,1020,dg (1998/09/23 0700)
1998/10/18 1952,1998/10/19 0400,1998/10/20 0700,0,0,0,-17,Y,Y,1,50 S,390,430,18,2,-112,510,1998/10/15 1004 H
1998/10/23 1230(A),1998/10/23 1500,1998/10/24 1600,0,0,...,...,N,Y,3,50 S,520,600,7,0,-52,...,
1998/11/07 0815,1998/11/07 2200,1998/11/09 0100,0,0,...,...,Y,...,2,130 S,450,530,15,1,-81,570,1998/11/04 0754 H
1998/11/08 0451,1998/11/09 0100,1998/11/11 0100,8,17,0,-24,Y,...,2,200 S,450,640,12,2,-149,740,1998/11/05 2044 H
1998/11/13 0143,1998/11/13 0200,1998/11/14 1200,ns,ns,0,-6,Y,N,3,50,390,400,17,2H,-131,520,1998/11/09 1818
1998/11/30 0507,1998/11/30 2100,1998/12/01 0400,0,0,...,...,Y,...,2,100 S,470,480,9,0,-15,...,
1998/12/28 1826,1998/12/29 1800,1998/12/31 0200,0,0,...,...,N,...,2,30 S,400,410,8,0,-58,dg,dg
1999/01/04 0000,1999/01/04 0400,1999/01/04 2200,ns,ns,...,...,Y,...,3W,20,350,360,8,0,-29,dg,dg
1999/01/13 1054,1999/01/13 1500,1999/01/13 2300,0,0,...,...,N,...,2,70 S,420,430,18,0,-112,dg,dg
1999/01/22 1950(A),1999/01/23 0900,1999/01/23 1800,nc,0,...,...,Y,...,3,120 S,570,660,12,0,-52,dg,dg
1999/02/13 1900,1999/02/13 1900,1999/02/14 1500,0,-3,...,...,N,...,3W,20,440,470,9,0,-17,...,
1999/02/16 1500,1999/02/16 1500,1999/02/17 1100,0,0,...,...,N,...,3,0,460,470,6,1,-7,...,
1999/02/17 0709,1999/02/17 1600,1999/02/18 1000,0,0,...,...,Y,...,3,30 S,410,490,8,0,-34,...,
1999/02/18 0246,1999/02/18 1000,1999/02/20 1700,0,0,4,-29,Y,...,2,250 S,540,680,9,2,-123,870,dg (1999/02/16 0312)
1999/03/10 0130,1999/03/10 1700,1999/03/12 0200,0,0,...,...,Y,Y,2,30 S,410,460,7,0,-81,...,
1999/03/19 1000,1999/03/19 1100,1999/03/20 1200,0,0,...,...,Y,...,3W,10,340,380,5,1,-30,...,
1999/04/16 1125,1999/04/16 1800,1999/04/17 1900,-6,8,2,2,Y,...,1,50 S,410,460,18,2,-91,520,1999/04/13 0330 H
1999/04/20 1600,1999/04/21 0400,1999/04/22 1400,0,10,8,0,Y,...,1,120,490,620,8,2H,-29,...,1999/04/18 0830?
1999/05/15 1600,1999/05/15 1600,1999/05/18 0000,ns,0,...,...,N,...,3,0,390,400,5,0,-13,...,
1999/06/02 2000,1999/06/02 2300,1999/06/03 2200,nc,0,...,...,Y,Y,3,40,430,470,9,1,-6,...,
1999/06/26 2016,1999/06/27 2200,1999/06/29 0400,0,...,...,...,Y,Y,3,100 S,670,860,7,0,-41,760,1999/06/24 1331 H
1999/07/02 0059,1999/07/03 0500,1999/07/06 0600,-26,ns,...,...,...,...,2,100 S,440,680,4,0,-26,...,
1999/07/06 1509,1999/07/06 2100,1999/07/07 0200,ns,...,...,...,N,...,2,50 S,460,500,10,1,-4,620,1999/07/03 1954
1999/07/07 0600,1999/07/07 0700,1999/07/08 0400,nc,nc,...,...,Y,...,3,70,450,480,4,0,-1,...,
1999/07/26 2333(A),1999/07/27 1700,1999/07/29 1200,26,2,...,...,Y,...,3,30 S,390,460,6,0,-38,560,1999/07/23 2130
1999/07/30 1600,1999/07/30 2000,1999/07/31 0800,0,0,...,...,Y,...,3,90,620,660,9,0,-52,710,1999/07/28 0530? H
1999/07/31 1837,1999/07/31 1900,1999/08/02 0600,0,ns,...,...,N,...,3,100,480,650,5,1,-39,510,1999/07/28 0906 H
1999/08/02 1100,1999/08/02 1500,1999/08/03 1500,2,6,...,...,N,Y,3,20,370,440,4,0,-16,...,
1999/08/08 1841,1999/08/08 2000,1999/08/10 1700,0,0,25,0,Y,Y,2,20 S,360,410,9,2,-47,...,
1999/08/11 2300,1999/08/12 0300,1999/08/14 0000,16,0,...,...,Y,...,3,40,380,420,6,0,-13,615,1999/08/09 0326
1999/08/20 2300,1999/08/20 2300,1999/08/23 1100,31,6,...,...,Y,...,2,0,460,570,7,1,-66,510,1999/08/17 1331
1999/09/21 1200,1999/09/21 1200,1999/09/22 1200,-3,-4,9,-7,Y,N,3,0,360,380,9,2,-41,...,
1999/09/22 1222,1999/09/22 1900,1999/09/24 0300,0,0,...,...,Y,Y,1,120 S,530,600,11,0,-173,770,1999/09/20 0606 H
1999/10/21 0225,1999/10/21 0800,1999/10/22 0700,14,0,...,...,Y,N,2,30 S,480,550,20,0,-237,561,1999/10/18 0006 H
1999/11/11 1900,1999/11/12 1000,1999/11/13 1800,-10,nc,...,...,N,...,2,50,450,680,5,0,-69,dg,dg
1999/11/13 1200,1999/11/13 2000,1999/11/15 0000,nc,nc,4,-15,N,...,3W,50 S,440,480,7,2H,-106,dg,dg
1999/11/22 0000,1999/11/22 0000,1999/11/24 0300,-8,6,...,...,Y,...,3,40,450,490,9,0,-41,dg,dg
1999/12/12 1551,1999/12/12 1900,1999/12/13 1600,...,0,...,...,Y,Y,2,300 S,520,700,12,0,-85,dg,dg
1999/12/13 2300,1999/12/14 0400,1999/12/14 2000,...,...,...,...,Y,...,2,20,440,480,12,0,-33,dg,dg
1999/12/26 2130(A),1999/12/27 1100,1999/12/28 0400,-9,23,...,...,Y,...,3,50 S,430,450,8,1,-8,...,
2000/01/22 0023(A),2000/01/22 1700,2000/01/23 0200,0,0,...,...,Y,...,2,30 S,380,400,16,1,-97,530,2000/01/18 1754 H
2000/02/11 0258,2000/02/11 1600,2000/02/11 2000,0,0,...,...,Y,N,1,60 S,420,510,7,0,-25,630,2000/02/08 0930 H
2000/02/11 2352,2000/02/12 1200,2000/02/13 0000,-3,0,5,0,Y,N,2,180 S,540,590,13,2,-133,915,2000/02/10 0230 H
2000/02/14 0731,2000/02/14 1200,2000/02/16 0800,0,0,...,...,N,N,3,100 S,520,680,5,0,-67,815,2000/02/12 0431 H
2000/02/20 2139,2000/02/21 0500,2000/02/22 1200,0,0,5,0,Y,...,2,120 S,380,460,15,2,-26,560,2000/02/17 2006 H
2000/03/01 0130,2000/03/01 0300,2000/03/02 0300,0,0,...,...,Y,...,1,20,480,530,8,0,-43,...,
2000/03/18 2200,2000/03/19 0200,2000/03/19 1200,ns,ns,...,...,Y,Y,2,20,380,390,9,0,-3,...,
2000/03/29 1100,2000/03/29 1900,2000/04/01 0000,0,15,...,...,N,Y,2,280,420,590,7,0,-60,...,
2000/04/06 1639,2000/04/07 0600,2000/04/08 0600,-7,-15,...,...,Y,...,2,220 S,560,620,6,1,-288,860,2000/04/04 1632 H
2000/04/18 2000,2000/04/18 2000,2000/04/19 1400,8,0,...,...,N,...,3,30,460,470,10,1,-14,510,2000/04/15 1035?
2000/04/24 0400,2000/04/24 0400,2000/04/24 1300,0,0,...,...,N,...,3W,60,500,520,13,0,-61,...,
2000/05/02 1045(A),2000/05/02 2000,2000/05/05 1000,nc,ns,...,...,Y,...,3,150 S,500,860,6,0,-37,530,2000/04/29 0430?
2000/05/07 0000,2000/05/07 0000,2000/05/08 0000,8,0,...,...,Y,Y,3W,10,400,420,8,0,-10,...,
2000/05/13 1700,2000/05/13 1700,2000/05/14 1800,0,ns,...,...,N,...,2,100,500,600,8,0,-2,603,2000/05/10 2006
2000/05/15 1900,2000/05/15 1900,2000/05/16 1400,-2,0,...,...,N,...,3,20,430,450,8,0,-32,...,
2000/05/16 2300,2000/05/16 2300,2000/05/17 0700,0,0,...,...,N,...,2,130,550,580,9,1,-92,500,2000/05/13 1226
2000/05/22 1700,2000/05/23 0900,2000/05/23 2100,0,nc,...,...,Y,Y,2,70,570,610,8,0,-10,830,2000/05/20 1450
2000/05/23 2342(W),2000/05/24 1200,2000/05/27 1000,nc,0,...,...,Y,N,2,50 S,530,690,5,1,-147,650,2000/05/21 0726
2000/06/04 1502,2000/06/04 2200,2000/06/06 2200,-8,6,...,...,Y,Y,3,130 S,470,560,9,0,-35,403,2000/05/31 0806
2000/06/08 0910,2000/06/08 1200,2000/06/10 1700,24,7,...,...,Y,Y,2,260 S,610,770,11,0,-90,1007,2000/06/06 1554 H
2000/06/11 0801,2000/06/11 0900,2000/06/11 1800,0,6,...,...,Y,...,2,40 S,510,530,11,1,-36,...,
2000/06/12 2208,2000/06/13 1200,2000/06/14 0600,nc,ns,...,...,N,N,2,60,440,550,4,0,-37,...,
2000/06/18 0900,2000/06/18 0900,2000/06/18 1700,-3,5,...,...,N,Y,3W,10,380,400,5,1,-12,...,
2000/06/23 1303,2000/06/24 0000,2000/06/26 0800,0,nc,3,-12,Y,Y,1,120 S,500,590,10,2,-34,...,
2000/06/26 0000,2000/06/26 1000,2000/06/27 0000,0,6,...,...,Y,Y,2,60,520,560,10,0,-76,...,
2000/07/01 0100,2000/07/01 0900,2000/07/03 1700,9,4,0,-38,N,N,2,20,390,440,7,2,-11,...,
2000/07/10 0638,2000/07/11 0200,2000/07/11 1400,0,6,...,...,Y,Y,2,90 S,440,490,13,0,0,609,2000/07/07 1026 H
2000/07/11 1123(A),2000/07/11 2200,2000/07/13 0300,0,0,0,0,Y,Y,1,30 S,520,540,10,2H,-26,...,
2000/07/13 0942,2000/07/13 1300,2000/07/14 1500,...,...,0,-15,Y,N,3,200 S,610,670,7,2H,-43,940,2000/07/11 1327 H
2000/07/14 1532,2000/07/14 1700,2000/07/15 1400,0,0,14,0,Y,N,2,150 S,780,800,9,2,-57,...,
2000/07/15 1437,2000/07/15 1900,2000/07/17 0800,0,28,2,-22,Y,N,2,350 S,740,1040,20,2,-301,1500,2000/07/14 1054 H
2000/07/19 1527,2000/07/20 0100,2000/07/21 0800,0,...,...,...,Y,N,2,100 S,530,630,8,0,-93,...,2000/07/17 0854?
2000/07/23 1041,2000/07/23 1500,2000/07/26 0500,0,0,...,...,N,N,3,20,360,430,9,0,-68,dg,dg
2000/07/26 1857,2000/07/27 0200,2000/07/28 0200,0,-4,...,...,Y,Y,2,50 S,360,400,6,1,-42,490,2000/07/23 0530
2000/07/28 0634,2000/07/28 1200,2000/07/30 1300,2,30,9,-27,Y,...,2,70 S,440,480,9,2,-71,550,2000/07/25 0330 H
2000/08/10 0501,2000/08/10 1900,2000/08/11 2100,0,nc,0,-13,Y,...,1,50 S,430,480,12,2H,-106,530,2000/08/06 2230
2000/08/11 1845,2000/08/12 0500,2000/08/13 2200,-3,0,0,-17,Y,Y,1,120 S,580,670,18,2,-235,830,2000/08/09 1630 H
2000/09/02 2200,2000/09/02 2200,2000/09/03 1300,0,0,...,...,N,...,1,40,420,450,8,0,-20,418,2000/08/29 1830?
2000/09/08 1200,2000/09/08 1200,2000/09/10 1000,0,-18,...,...,Y,N,3,50,450,500,5,0,-48,530,2000/09/05 0554
2000/09/17 1657(A),2000/09/17 2100,2000/09/21 0000,0,12,5,-54,Y,N,2,250 S,600,840,10,2,-201,...,2000/09/15/16 (p)
2000/10/03 0054,2000/10/03 1000,2000/10/05 0300,0,3,7,-13,Y,Y,1,60 S,400,460,14,2,-143,...,
2000/10/05 0326,2000/10/05 1300,2000/10/07 1100,0,ns,...,...,Y,...,2,110 S,450,530,6,1,-182,756,2000/10/02 2026 H
2000/10/12 2228,2000/10/13 1600,2000/10/14 1700,-4,3,2,0,Y,...,1,120 S,400,460,12,2,-107,590,2000/10/09 2350 H
2000/10/28 0954,2000/10/28 2100,2000/10/29 2200,-9,12,0,0,Y,Y,1,50 S,380,420,14,2,-127,565,2000/10/25 0826 H
2000/11/06 0948,2000/11/06 1700,2000/11/08 0300,0,0,5,-9,Y,...,2,110 S,510,610,20,2,-159,660,2000/11/3 1826 H
2000/11/08 1200,2000/11/08 1300,2000/11/09 1500,0,0,...,...,Y,...,2,50,440,500,7,1,-36,...,
2000/11/11 0400(A),2000/11/11 0800,2000/11/12 0000,0,-14,...,...,N,Y,2,110 S,790,910,7,0,-37,1200,(2000/11/09 1615)
2000/11/26 1158,2000/11/27 0800,2000/11/28 0300,0,8,...,...,Y,...,2,150 S,560,630,10,0,-80,...,2000/11/24 (p)
2000/11/28 0530,2000/11/28 1100,2000/11/29 2200,11,0,...,...,Y,N,2,50 S,540,580,9,1,-119,720,2000/11/25/26 (p)
2000/12/21 1200,2000/12/22 0300,2000/12/22 2000,0,4,...,...,Y,...,3W,40,290,330,4,0,-1,...,
2000/12/22 1925,2000/12/23 0000,2000/12/23 1200,ns,ns,...,...,Y,...,3,50,320,330,12,0,-62,380,2000/12/18 1150 H
2001/01/23 1048,2001/01/24 0900,2001/01/26 0700,0,ns,...,...,Y,...,2,140 S,400,550,4,1,-61,680,2001/01/20 2130 H (p)
2001/03/03 1121,2001/03/04 0400,2001/03/05 0200,12,0,12,0,N,...,2,50 S,440,520,8,2H,-73,610,2001/02/28 1450
2001/03/19 1114,2001/03/19 1700,2001/03/22 0000,0,12,6,+15 (2 MCs),Y,Y,1,100 S,360,490,15,2,-149,520,2001/03/16 0350
2001/03/27 0110(A),2001/03/27 2000,2001/03/28 1700,0,0,0,-12,Y,...,2,80 S,610,650,12,2H,-87,...,
2001/03/27 1747,2001/03/28 1700,2001/03/30 1800,11,0,...,...,Y,Y,3,200 S,480,560,3,0,-51,850,2001/03/25 1706 H
2001/03/31 0052,2001/03/31 0500,2001/03/31 2200,0,nc,...,...,Y,N,3,200 S,640,710,33,1,-387,690,2001/03/28 1250 H
2001/03/31 2200,2001/04/01 0400,2001/04/03 1500,nc,0,...,...,Y,Y,2,200,600,820,5,1,...,700,2001/03/29 1026 H
2001/04/04 1455,2001/04/04 1800,2001/04/05 1200,0,6,0,-4,Y,N,2,90 S,650,780,9,2,-50,1020,2001/04/02 2206
2001/04/08 1101,2001/04/08 1400,2001/04/09 0400,0,0,...,...,Y,...,3,100 S,740,780,13,0,-59,1050,2001/04/06 1930 H
2001/04/11 1343,2001/04/11 2200,2001/04/13 0700,0,0,10,-13,Y,Y,2,230 S,640,740,14,2,-271,1290,2001/04/10 0530 H
2001/04/13 0734,2001/04/13 0900,2001/04/14 1200,0,-6,...,...,Y,Y,1,200 S,730,830,9,0,-77,990,2001/04/11 1331 H
2001/04/15 1700,2001/04/15 1700,2001/04/16 0100,ns,ns,...,...,SEP,N,2W,0,500,510,4,0,-36,...,
2001/04/18 0046,2001/04/18 1200,2001/04/20 1100,ns,ns,...,...,Y,...,2,140 S,430,520,8,0,-114,...,
2001/04/21 1601,2001/04/21 2300,2001/04/23 0300,ns,ns,0,-2,N,N,1,50 S,350,390,11,2,-102,...,
2001/04/28 0501,2001/04/28 1400,2001/05/01 0200,0,32,12,-37,N,Y,2,400 S,550,730,8,2,-47,1040,2001/04/26 1230 H
2001/05/03 1100,2001/05/03 1100,2001/05/04 1000,0,0,...,...,Y,...,2W,0,380,390,8,0,-2,...,
2001/05/07 0800,2001/05/07 1900,2001/05/08 0700,0,12,...,...,Y,Y,2,30,360,410,8,1,-25,...,
2001/05/08 1101,2001/05/09 1200,2001/05/10 2200,0,nc,...,...,N,N,2,50 S,430,560,8,1,-76,...,
2001/05/11 1300,2001/05/11 1300,2001/05/12 0000,...,...,...,...,N,N,2W,0,430,430,8,0,-48,...,
2001/05/27 1459,2001/05/28 0300,2001/05/31 1400,8,0,9,-52,N,N,2,100 S,420,590,7,2,-42,...,
2001/06/07 0852(A),2001/06/07 1800,2001/06/08 0700,ns,ns,...,...,N,N,1,50 S,390,430,9,1,-8,...,
2001/06/27 0300,2001/06/27 0300,2001/06/28 1700,0,ns,...,...,N,...,1,20,420,490,3,1,-18,...,
2001/07/08 1200,2001/07/09 0200,2001/07/11 0400,0,-12,39,29,Y,...,2,30,400,460,5,2,-38,520,2001/07/05 0354
2001/07/13 1700,2001/07/13 1700,2001/07/14 0100,0,0,...,...,N,...,2,20,400,420,8,1,-4,...,
2001/08/03 0716,2001/08/03 1100,2001/08/03 1400,0,20,...,...,Y,...,3,60 S,420,440,10,0,-13,...,
2001/08/15 0500,2001/08/15 0500,2001/08/16 1400,ns,ns,...,...,N,...,3W,0,390,450,5,0,-16,...,
2001/08/17 1103,2001/08/17 2000,2001/08/19 1600,0,0,...,...,Y,...,2,150 S,500,600,11,0,-105,620,2001/08/14 1601 H
2001/08/30 1411,2001/08/30 1700,2001/08/31 1000,0,0,...,...,Y,...,3W,50 S,420,500,6,1,-40,...,
2001/09/01 1300,2001/09/01 1300,2001/09/02 2200,0,0,...,...,N,...,2,0,360,410,5,1,-17,...,
2001/09/13 0231(W),2001/09/13 1800,2001/09/14 2200,0,4,...,...,Y,...,2,30 S,410,440,10,1,-57,...,
2001/09/23 2000,2001/09/24 0000,2001/09/24 2200,8,-4,...,...,N,...,3W,30,440,530,7,1,-73,570,2001/09/20 1931
2001/09/25 0000,2001/09/25 0600,2001/09/25 2000,0,0,...,...,SEP,...,2,30,380,400,5,0,-24,...,
2001/09/29 0940,2001/09/29 1100,2001/10/01 0000,10,0,...,...,Y,...,2,180 S,560,700,12,1,-66,790,2001/09/27 0454?
2001/09/30 1924,2001/10/01 0800,2001/10/02 0000,ns,ns,...,...,Y,...,2,80 S,490,550,9,0,-148,710,2001/09/28 0854 H
2001/10/01 2115(S),2001/10/02 0400,2001/10/02 1200,0,0,...,...,Y,...,2,40,490,520,8,0,-104,715,2001/09/29 1154
2001/10/02 1200,2001/10/02 1400,2001/10/03 1600,0,8,11,0,Y,...,2,30,500,530,12,2H,-166,...,
2001/10/04 1400,2001/10/04 1400,2001/10/05 1900,nc,nc,...,...,N,...,3,0,420,470,3,0,...,...,
2001/10/11 1701,2001/10/12 0400,2001/10/12 0900,-7,0,...,...,Y,...,2,180 S,560,570,22,1,-71,780,2001/10/09 1130 H
2001/10/21 1648,2001/10/21 2000,2001/10/25 1000,0,0,...,...,Y,...,1,250 S,460,680,9,0,-187,870,2001/10/19 1650 H
2001/10/26 2200,2001/10/27 0300,2001/10/28 1200,0,nc,...,...,Y,...,3,20,420,500,10,0,-27,417,2001/10/22 1826
2001/10/28 0319,2001/10/29 2200,2001/10/31 1300,-6,7,...,...,N,...,2,150 S,360,510,5,0,-157,694,2001/10/25 1526
2001/10/31 1348,2001/10/31 2000,2001/11/02 1200,ns,ns,0,-2,Y,...,2,60 S,330,390,11,2,-106,...,
2001/11/05 1000,2001/11/05 1900,2001/11/06 0600,0,0,...,...,SEP,...,2,30,420,430,18,1,-73,...,
2001/11/06 0152,2001/11/06 1200,2001/11/09 0300,0,-39,...,...,Y,...,2,300 S,600,750,7,1,-292,1250,2001/11/04 1635 H
2001/11/19 1815,2001/11/19 2200,2001/11/21 1300,0,0,...,...,Y,...,3W,130 S,430,570,6,1,-47,680,2001/11/17 0530 H
2001/11/24 0656,2001/11/24 1400,2001/11/25 2000,0,-6,0,-6,Y,...,2,550 S,720,1040,14,2,-221,1320,2001/11/22 2330 H
2001/12/28 0000,2001/12/28 0000,2001/12/29 1200,5,-6,...,...,Y,...,2,10,360,370,8,0,-10,...,
2001/12/29 0538,2001/12/30 0000,2001/12/30 1800,-14,-6,...,...,N,...,3,90 S,400,460,16,1,-58,580,2001/12/26 0530?
2002/02/28 0451,2002/02/28 1700,2002/03/02 0000,0,16,0,-14,Y,N,2,80 S,390,410,11,2H,-71,...,
2002/03/18 1322,2002/03/19 0500,2002/03/20 1600,0,0,18,0,Y,N,2,160 S,380,470,15,2,-37,667,2002/03/15 2306
2002/03/20 1328,2002/03/21 1400,2002/03/22 0600,0,-8,...,...,Y,...,3,210 S,440,580,8,0,-13,...,
2002/03/23 1137,2002/03/24 1200,2002/03/25 2000,0,4,0,2,Y,...,2,70 S,450,500,15,2,-100,625,2002/03/20 1706?
2002/04/12 0100,2002/04/12 0100,2002/04/13 1300,0,0,...,...,N,N,3W,0,420,450,8,1,-32,...,
2002/04/17 1107,2002/04/17 1600,2002/04/19 1500,0,0,11,-13,Y,...,1,150 S,480,610,14,2,-127,750,2002/04/15 0350 H
2002/04/19 0835,2002/04/20 0000,2002/04/21 1800,0,-6,12,0,Y,...,1,200 S,500,640,8,2,-149,863,2002/04/17 0826 H
2002/05/11 1014,2002/05/11 1500,2002/05/12 0000,0,0,...,...,N,...,2,90 S,430,440,15,1,-110,610,2002/05/08 1350 H
2002/05/20 0340,2002/05/20 1000,2002/05/21 2200,-7,-8,...,...,Y,Y,3,70 S,420,510,7,1,-36,420,2002/05/16 0050 H
2002/05/23 1050,2002/05/23 2000,2002/05/25 1800,...,...,3,-25,Y,...,2,400 S,590,920,11,2,-109,1323,2002/05/22 0326 H
2002/07/17 1603,2002/07/18 1200,2002/07/19 0900,0,nc,...,...,Y,N,3,100 S,460,520,6,1,-17,955,2002/07/15 2030 H
2002/07/19 1450(A),2002/07/20 0200,2002/07/22 0600,0,0,...,...,Y,...,2,650 S,650,930,7,0,-36,...,
2002/07/31 1100,2002/07/31 2200,2002/08/01 0900,0,nc,...,...,Y,...,3,40,410,460,10,0,-21,...,
2002/08/01 0510,2002/08/01 0900,2002/08/01 2300,2,5,3,0,N,...,2,70 S,450,460,12,2,-51,...,
2002/08/01 2309,2002/08/02 0600,2002/08/04 0200,0,0,3,-29,Y,...,2,60 S,460,520,10,2,-102,500,2002/07/29 1207
2002/08/18 1846,2002/08/19 1200,2002/08/21 1400,-7,38,...,...,Y,...,2,160 S,460,580,8,1,-106,766,2002/08/16 1230 H
2002/08/29 2100,2002/08/29 2100,2002/08/30 0600,6,nc,...,...,N,...,2W,0,400,420,8,1,-42,...,
2002/09/07 1200,2002/09/07 1200,2002/09/08 0400,0,0,...,...,Y,N,2,0,380,400,8,1,-41,...,
2002/09/07 1636,2002/09/08 0400,2002/09/08 2000,nc,0,...,...,Y,...,2,170 S,470,550,11,0,-181,880,2002/09/05 1654 H
2002/09/08 2000,2002/09/08 2200,2002/09/10 2100,18,15,...,...,N,...,2,50,440,520,9,1,-82,...,
2002/09/19 0600,2002/09/19 2000,2002/09/20 2100,0,ns,...,...,Y,Y,2,80,520,750,5,0,-40,910,2002/09/17 0806
2002/09/30 0815,2002/09/30 2000,2002/10/01 1500,0,12,2,-2,Y,...,2,70 S,390,410,23,2,-176,...,
2002/10/02 2210(A),2002/10/03 0100,2002/10/04 1800,0,6,...,...,N,...,2,80 S,430,520,11,1,-146,...,
2002/11/16 2305(A),2002/11/17 1000,2002/11/19 1200,0,nc,...,...,Y,...,2,20 S,380,500,10,1,-52,...,
2002/12/17 1800,2002/12/17 1800,2002/12/19 1200,0,0,...,...,Y,N,2,0,380,430,14,0,-30,...,
2002/12/20 1700,2002/12/21 0300,2002/12/22 1900,0,0,...,...,N,Y,2,30,440,540,11,0,-75,...,
2003/01/26 0000,2003/01/27 0100,2003/01/28 1400,-4,7,0,-23,Y,...,2,60,500,720,9,2H,-20,...,
2003/02/01 1305(A),2003/02/01 1900,2003/02/03 0700,...,0,...,...,Y,...,2,340 S,510,760,11,0,-72,820,2003/01/30 1006
2003/02/17 2150(A),2003/02/18 0400,2003/02/19 1600,0,0,...,...,Y,...,1,70 S,600,700,8,0,-17,...,
2003/03/20 0440,2003/03/20 1200,2003/03/20 2200,0,0,0,0,Y,...,1,100 S,650,810,11,2,-64,...,
2003/05/09 0455(A),2003/05/09 0700,2003/05/11 0000,0,12,...,...,N,...,2,100 S,680,900,8,1,-84,...,
2003/05/29 1224,2003/05/29 1300,2003/05/29 1800,0,nc,...,...,Y,...,3,70 S,650,680,10,1,-49,...,
2003/05/29 1825(A),2003/05/30 0200,2003/05/30 1600,nc,0,...,...,Y,...,3,120 S,600,760,20,1,-144,999,2003/05/28 0050 H
2003/05/30 1600(A),2003/05/30 2200,2003/06/01 0100,-3,-19,...,...,Y,...,3,220 S,680,780,7,0,-63,1078,2003/05/29 0127 H
2003/06/15 1500,2003/06/15 2000,2003/06/16 2100,6,0,...,...,Y,...,3,80,510,590,10,1,-68,dg,dg
2003/06/16 1800,2003/06/17 1000,2003/06/18 0800,0,0,8,0,N,...,3,80,480,540,10,2,-141,650,2003/06/14 0154
2003/07/23 1400,2003/07/23 1400,2003/07/24 1600,0,0,...,...,N,...,2,90,430,500,6,1,-26,...,
2003/08/04 1700,2003/08/04 2200,2003/08/06 0200,5,0,...,...,Y,...,2,0,440,500,9,1,-60,...,
2003/08/15 1200,2003/08/16 0200,2003/08/17 1600,-9,0,...,...,N,...,2,70,490,620,7,1,-11,...,
2003/08/17 1421,2003/08/18 0100,2003/08/19 1500,0,18,10,-10,Y,...,1,80 S,450,530,18,2,-148,630,2003/08/14 2006 H?
2003/10/21 2200,2003/10/22 0200,2003/10/24 1500,0,nc,...,...,Y,...,2,100,520,740,9,1,-61,...,
2003/10/24 1524,2003/10/24 2100,2003/10/25 1200,nc,nc,...,...,Y,Y,2,140 S,560,600,21,1,-36,760,2003/10/22 0830
2003/10/25 1100,2003/10/25 1400,2003/10/26 0400,nc,...,...,...,Y,...,3,40,490,610,13,0,-49,...,(p)
2003/10/26 1908,2003/10/26 2200,2003/10/28 0000,0,0,...,...,Y,...,2,90 S,470,540,10,1,-52,...,
2003/10/28 0206,2003/10/28 0230,2003/10/28 0900,ns,ns,...,...,Y,N,1,130 S,610,620,19,0,-32,1331,2003/10/26 1754
2003/10/29 0611,2003/10/29 1100,2003/10/30 0300,0,nc,0,0,Y,Y,2,900 S,1300,1900,32,2H,-353,2185,2003/10/28 1130 H
2003/10/30 1619(A),2003/10/31 0200,2003/11/02 0000,0,24,...,...,Y,...,2,750 S,800,1700,9,1,-383,2138,2003/10/29 2054 H
2003/11/20 0803,2003/11/20 1000,2003/11/21 0800,0,8,0,-6,Y,N,2,240 S,580,700,28,2,-422,886,2003/11/18 0850 H
2004/01/09 1500,2004/01/10 0600,2004/01/11 0500,-12,0,...,...,N,N,2,60,560,620,10,1,-45,...,
2004/01/22 0137,2004/01/22 0800,2004/01/23 1700,0,-5,...,...,Y,Y,2,200 S,560,680,12,0,-130,850,2004/01/20 0006 H
2004/01/23 1425(A),2004/01/23 2300,2004/01/25 0400,0,2,...,...,Y,Y,2,60 S,490,550,10,1,-81,720,2004/01/21 0454 H
2004/02/17 1800,2004/02/17 1800,2004/02/18 1600,...,0,...,...,N,N,2,0,440,460,8,0,-24,...,
2004/04/03 0900(A),2004/04/03 1400,2004/04/05 1800,0,0,12,-3,Y,N,1,40 S,440,520,15,2,-117,560,dg (2004/03/31 1036)
2004/04/26 1604,2004/04/26 1700,2004/04/27 2000,...,...,...,...,N,...,2,50,460,500,6,1,0,dg,dg
2004/04/30 1300,2004/05/01 0000,2004/05/01 1200,ns,ns,...,...,N,...,2,40,430,450,9,0,-34,dg,dg
2004/05/01 1200,2004/05/01 1500,2004/05/02 2100,0,0,...,...,Y,...,2,30,400,430,9,1,-13,dg,dg
2004/07/22 1036,2004/07/22 1800,2004/07/24 0800,0,...,-3,-35,Y,...,2,90 S,560,670,11,2,-99,920,2004/07/20 1331 H
2004/07/24 0613,2004/07/24 1400,2004/07/25 1500,...,nc,0,0,Y,N,2,90 S,560,610,20,2,-136,890,2004/07/22 0731
2004/07/25 1500,2004/07/25 2000,2004/07/26 2200,nc,...,...,...,Y,Y,2,110,640,680,6,1,...,890,2004/07/23 1606 H
2004/07/26 2249,2004/07/27 0200,2004/07/27 2200,0,10,0,-10,Y,...,1,300 S,870,1000,16,2,-170,1302,2004/07/25 1454 H
2004/08/01 0100,2004/08/01 0900,2004/08/02 0400,0,0,...,...,N,...,3,40,440,520,6,1,-33,...,
2004/08/29 0909(W),2004/08/29 1900,2004/08/30 2200,ns,10,0,0,N,...,1,40 S,390,440,12,2,-129,...,
2004/09/13 2003,2004/09/14 1500,2004/09/16 1200,-6,0,...,...,Y,...,3W,110 S,550,600,6,1,-38,960,2004/09/12 0036 H
2004/09/17 2100,2004/09/18 1200,2004/09/20 0000,0,0,...,...,N,Y,3,20,400,500,6,1,-33,500,2004/09/14 1010 H
2004/11/07 1827,2004/11/07 2200,2004/11/09 1000,0,nc,4,-17,Y,Y,1,140 S,630,720,18,2,-374,720,2004/11/04 2330
2004/11/09 1825(W),2004/11/09 2000,2004/11/11 2300,0,0,0,-36 (2 MCs),SEP,...,1,170 S,640,810,14,2,-263,830,2004/11/07 1654 H
2004/11/11 1710,2004/11/12 0800,2004/11/13 2300,0,0,...,...,Y,...,2,60,520,670,7,1,-92,1080,2004/11/10 0226 H
2004/12/11 1340,2004/12/12 2200,2004/12/13 1900,0,0,...,...,Y,...,2,60,400,580,13,1,-56,640,2004/12/8 2026 H
2004/12/27 0500,2004/12/27 1600,2004/12/29 0200,24,0,...,...,Y,N,3,80,440,560,7,1,-47,dg,dg
2005/01/07 0922,2005/01/07 1500,2005/01/08 1200,0,0,...,...,N,N,2,60,520,570,17,1,-93,550,(2005/01/04 0616 )
2005/01/08 1700,2005/01/08 2100,2005/01/09 1800,0,-10,...,...,N,Y,2,40,460,520,9,1,...,570,2005/01/05 1530 H
2005/01/16 1100,2005/01/16 1400,2005/01/17 0700,0,0,...,...,Y,N,3,80,520,580,8,1,-65,640,2005/01/13 1754 H
2005/01/18 2100,2005/01/18 2300,2005/01/20 0300,-2,10,...,...,Y,Y,1,...,800,960,12,0,-80,1170,2005/01/17 0930 H
2005/01/21 1711,2005/01/21 1900,2005/01/22 1700,0,-5,...,...,Y,N,2,340 S,810,960,19,0,-97,1210,2005/01/20 0654 H
2005/01/31 0900,2005/01/31 1400,2005/02/02 0900,ns,ns,...,...,N,N,2,120,560,660,8,0,-28,...,
2005/02/17 2200(S),2005/02/18 1400,2005/02/19 0600,0,0,...,...,Y,...,1,50,530,580,6,0,-80,...,
2005/02/20 1200,2005/02/20 1200,2005/02/22 0700,ns,ns,...,...,N,...,3,0,410,440,5,1,-43,500,2005/02/17 0006 H
2005/02/22 1000,2005/02/22 1400,2005/02/23 1900,ns,0,...,...,N,N,3,30,380,400,9,0,-2,...,
2005/05/15 0238,2005/05/15 0600,2005/05/19 0000,0,0,0,-74,Y,N,2,400 S,630,950,15,2,-247,1270,2005/05/13 1712 H
2005/05/20 0300,2005/05/20 0300,2005/05/22 0200,0,20,4,-21,N,...,2,30,430,480,10,2,-83,488,2005/05/16 1350
2005/05/28 0436,2005/05/29 0300,2005/05/29 1500,3,nc,...,...,N,...,2,60 S,400,490,11,1,-33,...,
2005/05/29 0952,2005/05/30 0100,2005/05/30 2300,nc,nc,...,...,N,...,2,130 S,460,540,15,1,-113,630,2005/05/26 1506 H
2005/05/30 2300,2005/05/31 0400,2005/06/01 0300,nc,0,...,...,N,...,3,30,460,490,4,0,...,430,2005/05/26 2126
2005/06/12 0745,2005/06/12 1500,2005/06/13 1300,0,0,0,-6,N,...,2,80,480,510,14,2,-106,650,2005/06/09 1436
2005/06/14 1835,2005/06/15 0500,2005/06/16 0900,nc,0,0,0,Y,N,2,100 S,480,560,9,2,-34,...,
2005/06/16 0847,2005/06/16 1700,2005/06/17 1900,0,0,...,...,Y,Y,3,230 S,600,680,7,1,-40,...,
2005/07/10 0337,2005/07/10 1000,2005/07/12 0400,0,28,...,...,Y,...,2,80 S,430,480,12,1,-92,720,2005/07/07 1706
2005/07/17 0134,2005/07/17 1400,2005/07/18 2300,ns,ns,0,-19,N,...,2,50 S,420,500,8,2,-67,...,
2005/08/09 0000,2005/08/09 0000,2005/08/09 1900,0,0,...,...,Y,...,2,40,480,520,6,1,-23,477,2005/08/05 0854
2005/08/10 0600,2005/08/10 0600,2005/08/10 1100,0,0,...,...,N,...,2,20,440,460,8,1,-47,...,
2005/08/23 2000,2005/08/24 0000,2005/08/24 1100,0,0,...,...,N,N,3,30,440,460,20,1,-2,...,
2005/08/24 0613,2005/08/24 1400,2005/08/24 2300,0,0,...,...,Y,N,3,100 S,660,710,20,1,-216,790,2005/08/22 0131H
2005/09/02 1419,2005/09/02 1800,2005/09/03 0400,0,nc,...,...,Y,Y,2,110 S,650,680,10,1,-60,840,2005/08/31 1130
2005/09/11 0114,2005/09/11 0500,2005/09/12 0700,0,nc,...,...,Y,...,2,300 S,900,1100,10,0,-139,1423,2005/09/09 1948
2005/09/12 0605(A),2005/09/12 2000,2005/09/13 1300,-6,0,...,...,Y,...,2,230 S,750,980,7,0,-88,...,
2005/09/13 0900,2005/09/13 1600,2005/09/14 0800,0,ns,...,...,Y,...,3,60,630,740,5,0,-86,...,
2005/09/15 0600,2005/09/15 0600,2005/09/16 1800,0,0,...,...,Y,...,3,0,680,860,7,1,-80,...,
2005/09/20 1800,2005/09/20 1800,2005/09/21 1800,...,ns,...,...,N,N,2W,0,350,390,6,0,-33,...,
2005/10/31 0200,2005/10/31 0200,2005/10/31 1900,ns,ns,0,0,N,...,2,20,360,400,11,2,-74,...,
2005/12/31 0000,2005/12/31 0400,2006/01/01 1700,0,4,9,-6,Y,...,2,30,480,580,8,2,-30,...,
2006/02/05 2000,2006/02/05 2000,2006/02/06 1200,ns,3,0,0,N,...,2,30,340,360,10,2,-22,...,
2006/04/13 1141(S),2006/04/13 1500,2006/04/14 0700,0,0,0,+2 (2 MCs),Y,...,2,120,520,550,18,2,-98,540,2006/04/10 0606?
2006/04/14 1300,2006/04/14 1300,2006/04/14 2100,0,0,...,...,N,...,2,20,500,540,9,0,...,,
2006/07/09 2136,2006/07/10 2100,2006/07/11 1900,0,0,...,...,N,...,1,100 S,380,430,8,0,-27,488,2006/07/06 0854 H
2006/08/19 1131,2006/08/20 1300,2006/08/21 1600,-7,14,...,...,N,...,2,90 S,400,470,8,0,-79,620,2006/08/16 1630 H
2006/08/30 2000,2006/08/30 2000,2006/09/01 0700,...,ns,0,-16,Y,...,3,0,400,440,8,2,-35,440,2006/08/26 2057
2006/09/30 0300,2006/09/30 0800,2006/09/30 2000,ns,ns,0,0,N,...,3,90,400,440,15,2,-21,...,
2006/11/01 1700,2006/11/01 1700,2006/11/02 1400,ns,ns,...,...,Y,...,3W,0,380,410,5,0,-28,...,
2006/11/18 1000,2006/11/18 1000,2006/11/20 0200,...,...,...,...,N,...,3W,30,400,430,9,0,-20,...,
2006/11/28 1300,2006/11/29 0500,2006/11/30 1000,0,0,...,...,N,...,3,20,420,500,12,2,-66,...,
2006/12/14 1414,2006/12/14 2200,2006/12/15 1300,0,7,0,7,Y,...,1,320 S,740,900,13,2,-162,1180,2006/12/13 0254 H
2006/12/15 2000,2006/12/15 2000,2006/12/16 1900,0,...,...,...,N,...,2,90,620,650,3,0,...,...,
2006/12/16 1755,2006/12/17 0000,2006/12/17 1700,...,24,...,...,N,...,3,70 S,580,680,4,0,-56,980,2006/12/14 2230 H
2007/01/14 1248,2007/01/14 1200,2007/01/15 0700,ns,ns,...,...,N,...,1,60,360,380,12,2,-18,...,
2007/11/19 1811,2007/11/19 2300,2007/11/20 1200,-4,0,0,0,Y,...,1,30,460,480,18,2,-59,437,2007/11/15 1806 H?
2008/09/17 0000,2008/09/17 0400,2008/09/18 0800,0,0,...,...,Y,...,2,10,400,490,6,1,-20,...,
2008/12/04 0400,2008/12/04 1200,2008/12/05 1100,...,...,...,...,N,...,3,40,390,510,7,1,-26,...,
2008/12/16 1159,2008/12/17 0300,2008/12/17 1400,ns,ns,...,...,N,...,3,30,350,380,9,2,-15,350,2008/12/12 0854
2009/01/18 2100,2009/01/19 0200,2009/01/19 0500,0,0,...,...,N,...,2,40,430,450,12,1,-6,...,
2009/01/25 2224,2009/01/26 1000,2009/01/26 1500,...,...,...,...,Y?,...,3W,50,340,380,10,1,-29,...,
2009/02/03 2000,2009/02/04 0000,2009/02/04 1600,0,5,...,...,...,...,2,40,360,380,10,2,-42,...,
2009/06/03 1600,2009/06/04 0200,2009/06/05 1600,ns,ns,...,...,Y,...,3W,20,310,330,5,1,-21,...,
2009/06/27 1400,2009/06/27 1600,2009/06/28 1600,ns,ns,...,...,Y,...,2,30,390,420,7,1,-5,320,2009/06/22 0415 W
2009/07/20 1400,2009/07/21 0100,2009/07/22 0400,ns,ns,...,...,Y,...,2,20,330,350,8,1,-83,300,2009/07/15 0430 W
2009/09/30 0100,2009/09/30 0600,2009/10/01 0000,ns,ns,...,...,Y,...,3,50,340,360,7,1,-7,380,2009/09/25 1200 W
2009/10/29 0500,2009/10/29 0500,2009/10/29 2300,ns,ns,...,...,Y,...,3,20,370,390,11,2,0,...,
2009/11/13 2000,2009/11/14 1000,2009/11/15 0000,ns,ns,...,...,Y,...,2,20,310,330,7,1,-17,...,
2009/12/12 0651,2009/12/12 2000,2009/12/13 2200,ns,ns,...,...,Y,...,2,30,270,300,6,1,-2,280,2009 12/06 0230 W
2009/12/19 1000,2009/12/19 1300,2009/12/20 1700,ns,ns,...,...,Y,...,3W,20,380,430,4,0,-2,536,2009/12/16 0430 H
2010/01/01 2200,2010/01/01 2200,2010/01/03 1000,...,ns,...,...,Y,...,1,10,290,310,7,1,-4,...,
2010/02/07 1700,2010/02/07 1800,2010/02/08 2200,...,ns,...,...,Y,...,1,20,370,410,9,2,-22,...,
2010/02/11 0000,2010/02/11 0800,2010/02/12 0300,ns,ns,...,...,N,...,3,70,360,380,7,0,-7,450,2010/02/07 0354 H
2010/02/19 1500,2010/02/19 1500,2010/02/20 1800,...,ns,...,...,N,...,2,0,440,500,6,0,-11,...,
2010/02/21 0000,2010/02/21 0000,2010/02/22 0000,ns,ns,...,...,N,...,2,0,370,380,7,0,-6,...,
2010/02/22 1300,2010/02/22 1300,2010/02/22 2200,ns,ns,...,...,N,...,2,10,360,370,7,1,-16,...,
2010/04/05 0826,2010/04/05 1200,2010/04/06 1400,0,0,...,...,Y,...,1,200,640,790,9,2,-81,910,2010/04/03 1033 HW
2010/04/09 1800,2010/04/09 1800,2010/04/10 1600,ns,ns,...,...,N,...,3W,30,430,470,4,1,-31,...,
2010/04/11 1304,2010/04/12 0100,2010/04/12 1500,0,3,...,...,N,...,1,60,410,460,11,2,-67,520,2010/04/08 0454
2010/04/30 0600,2010/04/30 0600,2010/05/01 1200,...,...,...,...,N,...,3,20,380,400,4,0,-13,...,
2010/05/28 0258,2010/05/28 1900,2010/05/29 1700,0,0,...,...,Y,...,2,60,360,390,14,2,-80,500,2010/05/24 1406
2010/06/20 2000,2010/06/21 0600,2010/06/22 1400,ns,ns,...,...,Y,...,2,20,360,410,6,1,-11,380,2010 06/16 0635 W
2010/08/03 1741,2010/08/04 1000,2010/08/05 0000,0,0,...,...,Y,...,2,140,530,590,9,2,-74,740,2010 08/01 0845 W
2010/10/30 1015,2010/10/31 0500,2010/11/01 2100,ns,ns,...,...,Y,...,3,30,340,380,9,1,-11,400,2010 10/26 0200 W
2010/12/28 0300,2010/12/28 0300,2010/12/28 1500,ns,ns,...,...,N,...,2,0,350,360,10,2,-43,...,...
2011/01/24 0700,2011/01/24 1000,2011/01/25 1200,...,...,...,...,N,...,2,30,350,400,7,1,-14,...,...
2011/02/04 1300,2011/02/04 1300,2011/02/04 2000,0,0,...,...,Y,...,2,20,430,470,15,2,-63,...,...
2011/02/18 0130,2011/02/18 1900,2011/02/20 0800,-15,36,...,...,Y,...,2,130,470,600,10,1,-32,590,2011/02/15 0236 HW
2011/03/06 0331,2011/03/06 0900,2011/03/08 0600,ns,ns,...,...,Y,...,3,50,430,530,6,0,-27,600,2011/03/03 0548
2011/03/29 1602,2011/03/29 2300,2011/03/31 0400,ns,ns,...,...,Y,...,2,50,360,390,12,2,-4,360,"2011 03/24, 1900 W"
2011/05/28 0100,2011/05/28 0500,2011/05/28 2100,...,...,...,...,N,...,1,60,510,540,11,2,-80,450,"2011 05/25, 0420 W"
2011/06/04 2045,2011/06/05 0200,2011/06/05 1900,0,0,...,...,Y,...,1,120,510,560,12,2,-45,680,2011 06/02 0745 W
2011/06/17 0241,2011/06/17 0500,2011/06/17 1300,0,0,...,...,Y,...,2,80,500,550,9,1,-5,610,"2011 06/14, 0610 W"
2011/07/06 0258,2011/07/06 1700,2011/07/07 1200,...,...,...,...,Y,...,2,30,360,410,5,1,-28,...,...
2011/07/14 1200,2011/07/15 0400,2011/07/16 1500,...,...,...,...,Y,...,2,40,410,530,4,0,-17,...,...
2011/08/04 2153,2011/08/05 0500,2011/08/05 1400,...,...,...,...,N,...,3,70,430,440,5,1,-15,670,2011/08/02 0636 H
2011/08/05 1751,2011/08/06 2200,2011/08/07 2200,...,...,...,...,Y,...,1,180,540,610,4,1,-115,1100,2011/08/04 0412 H
2011/09/08 1000,2011/09/08 1000,2011/09/09 1200,...,...,...,...,N,...,2,0,320,340,2,1,-7,...,
2011/09/09 1242,2011/09/10 0300,2011/09/10 1500,...,...,...,...,Y,...,2,150,470,530,14,2,-75,680,2011/09/06 2305
2011/09/16 1900,2011/09/16 1900,2011/09/17 0500,...,...,...,...,N,...,2,10,390,420,4,0,-16,...,
2011/09/17 0343,2011/09/17 1400,2011/09/18 0600,...,...,...,...,N,...,2,70,430,590,11,2,-72,540,2011/09/13 2210 W
2011/09/18 1000,2011/09/18 1200,2011/09/18 2100,...,...,...,...,N,...,1,40,440,480,5,1,-30,...,
2011/09/22 0300,2011/09/22 1500,2011/09/23 0300,...,...,...,...,N,...,3,20,390,420,5,1,-29,...,19/09/2011
2011/09/26 1234,2011/09/26 2000,2011/09/28 1500,...,...,...,...,Y,...,2,130,580,700,7,0,-118,870,2011/09/24 1248
2011/10/05 0736,2011/10/05 1000,2011/10/05 2200,...,...,...,...,Y,...,2,90,450,460,12,1,-43,530,2011/10/02 0100 W
2011/10/06 1200,2011/10/06 1200,2011/10/06 2300,...,...,...,...,N,...,1,10,370,380,11,2,-22,...,
2011/10/07 0247,2011/10/07 0200,2011/10/07 1700,...,...,...,...,Y,...,3,0,380,390,4,0,-33,...,
2011/10/22 2100,2011/10/22 2100,2011/10/23 1600,...,...,...,...,N,...,3,0,290,310,6,1,-7,...,
2011/10/24 1831,2011/10/24 2200,2011/10/25 1600,...,...,0,0,Y,...,2,150,460,510,21,2,-147,630,2011/10/22 0005 W
2011/10/30 1001,2011/10/31 0100,2011/10/31 1500,...,...,...,...,N,...,3,30,410,420,6,0,-29,...,
2011/11/01 0907,2011/11/02 0100,2011/11/03 0400,...,...,...,...,Y,...,3,70,380,430,6,1,-66,350,2011/10/27 1200 H
2011/11/07 1500,2011/11/07 1700,2011/11/07 2300,...,...,0,0,N,...,2,20,330,350,10,2,-5,...,
2011/11/12 0559,2011/11/13 1000,2011/11/15 0200,...,...,...,...,Y,...,3,80,370,460,5,1,-13,650,2011/11/09 1330
2011/11/28 2150,2011/11/29 0000,2011/11/29 0800,...,...,0,0,Y,...,3,100,450,510,15,2,-25,670,2011/11/26 0700 H
2011/12/02 1717,2011/12/02 1800,2011/12/03 0700,...,...,...,...,N,...,3,0,400,420,7,1,-14,...,
2011/12/25 0200,2011/12/25 0200,2011/12/25 1700,...,...,...,...,Y,...,2,0,360,370,4,1,-7,...,
2011/12/29 2200,2011/12/29 2200,2011/12/30 0900,...,...,...,...,Y,...,3,0,400,420,7,1,-16,...,26/12/2011
2012/01/21 0501,2012/01/21 0600,2012/01/22 0800,...,...,...,...,N,...,2,30,320,330,10,2,-10,650,2012/01/18 1224
2012/01/22 0611,2012/01/22 2300,2012/01/23 0700,...,...,...,...,Y,...,3,50,450,460,9,2,-71,670,2012/01/19 1436 H
2012/02/14 0700,2012/02/14 2100,2012/02/16 0600,...,...,...,...,N,...,3,40,370,400,9,1,-67,...,
2012/02/16 0700,2012/02/16 1400,2012/02/18 0000,...,...,...,...,Y,...,3,20,320,380,5,1,-22,...,
2012/02/26 2139,2012/02/27 1900,2012/02/28 1600,...,...,...,...,Y,...,3,80,440,490,13,2,-57,620,2012 02/24 0225 W
2012/02/29 0500,2012/02/29 0500,2012/03/01 0000,...,...,...,...,Y,...,3,20,440,450,7,1,-22,...,
2012/03/02 2100,2012/03/02 2100,2012/03/04 0200,...,...,...,...,N,...,3,0,390,420,6,1,-50,...,
2012/03/06 0800,2012/03/06 0800,2012/03/06 1500,...,...,...,...,Y,...,3W,0,370,380,11,1,-23,...,
2012/03/08 1103,2012/03/09 0300,2012/03/11 0700,...,...,...,...,Y,...,2,270,550,890,7,1,-145,1220,2012/03/07 0024 H
2012/03/15 1306,2012/03/15 1700,2012/03/16 1000,...,...,...,...,N,...,3,170,680,760,9,1,-88,960,2012/03/13 1736 H
2012/04/23 0320,2012/04/23 1700,2012/04/24 0500,...,...,...,...,...,...,1,60,370,390,13,2,-120,...,
2012/04/25 1700,2012/04/26 0000,2012/04/27 1800,...,...,...,...,Y,...,3,70,540,710,5,0,-57,...,
2012/05/16 1600,2012/05/16 1600,2012/05/17 2200,...,...,...,...,Y,...,2,0,370,390,10,2,-39,370,2012/05/12 0000 H
2012/06/08 0700,2012/06/08 1000,2012/06/10 1400,...,...,...,...,...,...,2,30,480,600,5,0,-12,...,
2012/06/16 2019,2012/06/16 2300,2012/06/17 1200,...,...,...,...,Y,...,1,80,440,510,28,2,-86,770,2012/06/14 1412 HW
2012/07/04 1900,2012/07/05 0000,2012/07/06 0800,...,...,...,...,Y,...,3,50,470,540,8,1,-19,730,2012/07/02 0836 H
2012/07/08 0800,2012/07/09 0000,2012/07/09 1400,...,...,...,...,Y,...,2,20,410,450,12,2,-78,480,2012/07/04 1724 H
2012/07/14 1809,2012/07/15 0600,2012/07/17 0500,...,...,...,...,...,...,1,220,490,670,16,2,-139,850,2012/07/12 1648 H
2012/07/21 1612,2012/07/22 1100,2012/07/23 1600,...,...,...,...,N,...,3,50,460,520,5,0,-28,...,
2012/09/01 0600,2012/09/01 0700,2012/09/03 1500,...,...,...,...,...,...,2,20,310,330,8,1,-69,...,
2012/09/03 1213,2012/09/04 1100,2012/09/05 0200,...,...,...,...,...,...,2,120,430,440,9,0,-61,...,
2012/09/04 2245,2012/09/05 0600,2012/09/05 1800,...,...,...,...,N,...,2,40,500,540,10,2,-64,...,
2012/09/06 0200,2012/09/06 0200,2012/09/06 1500,...,...,...,...,Y,...,1,0,420,420,10,2,-32,...,
2012/09/30 1131,2012/09/30 1400,2012/09/30 2000,...,...,...,...,...,...,3,30,310,310,8,0,-39,...,
2012/09/30 2305,2012/10/01 0000,2012/10/02 0000,...,...,...,...,Y,...,3,70,370,410,14,2,-122,590,2012/09/28 0000 H
2012/10/02 2200,2012/10/02 2200,2012/10/03 0600,...,...,...,...,N,...,3,0,320,320,6,1,-32,...,
2012/10/08 0516,2012/10/08 1800,2012/10/09 1200,...,...,...,...,...,...,1,70,390,420,16,2,-107,560?,2012/10/05 0248?
2012/10/12 1900,2012/10/12 2200,2012/10/13 1000,...,...,...,...,...,...,2,40,490,530,11,2,-90,...,
2012/10/31 1538,2012/11/01 0000,2012/11/02 0300,...,...,...,...,Y,...,1,70,340,370,11,2,-65,440,2012/10/27 1624 H
2012/11/09 0300,2012/11/09 0300,2012/11/09 1500,...,...,...,...,N,...,2,0,370,380,2,1,1,...,
2012/11/12 2311,2012/11/13 0800,2012/11/14 0300,...,...,...,...,Y,...,1,50,380,460,21,2,-108,530,2012/11/09 1512
2012/11/23 2152,2012/11/24 1200,2012/11/25 1000,...,...,...,...,Y,...,2,70,380,410,12,1,-40,510,2012/11/20 1212
2012/11/26 0512,2012/11/26 1200,2012/11/28 0500,...,...,...,...,N,...,3,90,450,530,6,0,-8,660,2012/11/23 1336 H
2012/11/28 1800,2012/11/28 1800,2012/11/29 1400,...,...,...,...,N,...,3,20,360,380,4,0,-1,...,
2012/12/14 0200,2012/12/14 0700,2012/12/14 1700,...,...,...,...,Y,...,3,30,330,330,7,2,9,...,
2013/01/17 1600,2013/01/17 1600,2013/01/18 1200,...,...,...,...,Y,...,2,0,390,400,12,2,-52,420,2013/01/13 1200
2013/01/18 1237,2013/01/19 0000,2013/01/19 1700,...,...,...,...,N,...,2,40,430,460,5,1,-25,...,
2013/02/13 1700,2013/02/14 0800,2013/02/16 1400,...,...,...,...,N,...,3,20,360,400,4,0,-37,...,
2013/02/16 1209,2013/02/17 1000,2013/02/17 1900,...,...,...,...,N,...,2,60,360,410,7,1,-40,...,
2013/03/17 0559,2013/03/17 1500,2013/03/19 1600,...,...,...,...,N,...,1,230,520,720,9,2,-132,890,2013/03/15 0712 H
2013/03/20 1700,2013/03/20 1800,2013/03/20 2200,...,...,...,...,N,...,3,110,520,640,9,1,-39,...,
2013/04/13 2254,2013/04/14 1700,2013/04/15 2300,...,...,...,...,Y,...,2,100,410,520,9,2,-6,660,2013/04/11 0724 H
2013/04/30 0949,2013/04/30 1200,2013/05/01 0700,...,...,...,...,Y,...,1,50,400,430,10,2,-47,...,
2013/05/01 0900,2013/05/01 1100,2013/05/01 1800,...,...,...,...,N,...,2,30,430,460,10,1,-72,...,
2013/05/25 2000,2013/05/25 2300,2013/05/26 2200,...,...,...,...,Y,...,1,140,660,750,7,0,-47,...,
2013/06/06 0255,2013/06/06 1400,2013/06/08 0000,...,...,...,...,Y,...,1,30,430,510,11,2,-78,...,
2013/06/08 0600,2013/06/08 1000,2013/06/08 2000,...,...,...,...,Y,...,2,20,430,450,3,1,-20,...,
2013/06/27 1438,2013/06/28 0200,2013/06/29 1200,...,...,...,...,Y,...,1,70,390,450,10,2,-102,470,2013/06/23 2236
2013/07/05 0100,2013/07/05 0100,2013/07/07 1600,...,...,...,...,Y,...,2,10,350,370,10,2,-87,...,
2013/07/12 1714,2013/07/13 0500,2013/07/15 0000,...,...,...,...,Y,...,1,60,430,500,13,2,-81,563,2013/07/09 1512 H
2013/08/20 2227,2013/08/21 0800,2013/08/21 1400,...,...,...,...,N,...,3,30,460,470,7,1,-26,...,
2013/08/22 1926,2013/08/23 2000,2013/08/25 0300,...,...,...,...,Y,...,3,40,470,570,6,1,-40,...,
2013/08/24 0003(S),2013/08/25 0300,2013/08/26 0300,...,...,...,...,Y,...,3,30,400,520,4,1,-29,...,
2013/10/02 0154,2013/10/02 2300,2013/10/03 2200,...,...,...,...,Y,...,1,220,470,630,7,2,-72,800,2013/09/29 2145
2013/10/08 2020,2013/10/09 0900,2013/10/11 0000,...,...,...,...,Y,...,1,100,480,650,6,0,-69,780,2013/10/06 1443 H
2013/11/08 2200,2013/11/08 2200,2013/11/09 0700,...,...,...,...,N,...,3,0,420,460,12,2,-80,...,
2013/11/11 1700,2013/11/11 1700,2013/11/12 0300,...,...,...,...,Y,...,2,0,460,480,7,1,-30,...,
2013/11/30 2000,2013/12/01 1100,2013/12/02 2300,...,...,...,...,Y,...,2,50,450,540,9,2,-22,...,
2013/12/15 1300,2013/12/15 1600,2013/12/16 0500,...,...,...,...,Y,...,2,30,460,500,7,2,-23,510,2013/12/12 0336
2013/12/24 2100,2013/12/25 0500,2013/12/25 1700,...,...,...,...,Y,...,2,30,300,330,11,2,-35,...,
2014/02/05 1400,2014/02/06 0300,2014/02/07 1700,...,...,...,...,Y,...,2,50,370,400,7,0,-31,...,
2014/02/07 1705,2014/02/08 0100,2014/02/09 1200,...,...,...,...,Y,...,2,110,420,460,9,2,-39,470,2014/02/04 0036
2014/02/10 1800,2014/02/11 1200,2014/02/13 1000,...,...,...,...,Y,...,2,60,430,560,6,1,-24,...,
2014/02/15 1316,2014/02/16 0500,2014/02/16 1600,...,...,...,...,Y,...,2,100,380,450,15,2,-24,530,2014/02/12 0612 H
2014/02/17 0300,2014/02/17 0300,2014/02/17 1600,...,...,...,...,Y,...,3W,0,400,410,6,1,-27,...,
2014/02/18 0640,2014/02/18 1500,2014/02/19 0700,...,...,...,...,Y,...,2,60,400,410,8,1,-67,...,
2014/02/19 0348,2014/02/19 1200,2014/02/20 0300,...,...,...,...,Y,...,1,60,520,530,11,2,-119,...,
2014/02/20 0318,2014/02/21 0200,2014/02/22 1200,...,...,...,...,Y,...,2,180,490,690,6,0,-95,...,
2014/04/05 1000,2014/04/05 2200,2014/04/07 0500,...,...,...,...,Y,...,2,40,380,500,13,2,-15,610,2014/04/02 1348 H
2014/04/11 0600,2014/04/11 0600,2014/04/12 2000,...,...,...,...,Y,...,3,10,350,380,5,2,-86,...,
2014/04/18 1900,2014/04/18 1900,2014/04/20 0000,...,...,...,...,Y,...,2,0,490,500,8,0,-19,...,
2014/04/19 1836,2014/04/20 0100,2014/04/20 1200,...,...,...,...,Y,...,2,30,510,530,5,1,-14,...,
2014/04/20 1056,2014/04/21 0700,2014/04/22 0900,...,...,...,...,Y,...,2,200,540,700,6,1,-32,920,2014/04/18 1325 H
2014/04/29 2000,2014/04/29 2000,2014/04/30 2100,...,...,...,...,Y,...,3,0,310,320,9,2,-67,...,
2014/06/07 1652,2014/06/08 2000,2014/06/10 1700,...,...,...,...,Y,...,2,60,480,610,9,0,-37,570,2014/06/04 1524
2014/08/19 0657,2014/08/19 1600,2014/08/21 0500,...,...,...,...,Y,...,1,40,360,440,17,2,-28,500,2014/08/15 1812 H
2014/09/12 1553,2014/09/12 2200,2014/09/14 0200,...,...,...,...,Y,...,1,230,600,720,20,2,-88,920,2014/09/10 1800 H
2014/09/17 0200,2014/09/17 0200,2014/09/18 2000,...,...,...,...,Y,...,2,0,310,320,9,1,-18,410,2014/09/12 1924 H
2014/11/10 0220,2014/11/11 0700,2014/11/11 2000,...,...,...,...,N,...,3,50,480,520,9,0,-65,...,
2014/12/21 1911,2014/12/22 0400,2014/12/22 1700,...,...,...,...,Y,...,2,70,380,430,16,2,-71,380,2014/12/17 0500 H
2015/01/02 0717,2015/01/02 1500,2015/01/02 2200,...,...,...,...,Y,...,3,20,390,450,8,1,-42 P,...,
2015/01/03 1400,2015/01/03 1400,2015/01/04 1600,...,...,...,...,Y,...,2,10,430,460,9,1,-62 P,...,
2015/01/07 0616,2015/01/07 0700,2015/01/07 2000,...,...,...,...,Y,...,1,30,450,470,16,2,-99 P,420,2015/01/03 0312
2015/03/16 1400,2015/03/16 1400,2015/03/16 2300,...,...,...,...,Y,...,3,30,420,440,11,0,+16 P,...,
2015/03/17 0445,2015/03/17 1300,2015/03/18 0500,...,...,...,...,Y,...,1,90,560,620,20,2,-223 P,840,2015/03/15 0236 H
2015/03/21 2054,2015/03/22 0200,2015/03/22 2000,...,...,...,...,Y,...,3,70,640,700,8,0,-43 P,...,
2015/03/28 0000,2015/03/28 1100,2015/03/29 1100,...,...,...,...,Y,...,2,10,390,420,13,2,-29 P,...,
2015/03/29 1500,2015/03/29 1900,2015/03/30 1200,...,...,...,...,Y,...,3,20,360,390,6,0,-28 P,...,
2015/03/31 0832,2015/03/31 1800,2015/04/01 1000,...,...,...,...,Y,...,2,40,400,420,13,2,-2 P,...,
2015/04/09 1011,2015/04/09 1100,2015/04/09 2200,...,...,...,...,N,...,3,30,380,390,12,0,1:00 PM,...,
2015/04/10 0000,2015/04/10 1300,2015/04/11 0900,...,...,...,...,Y,...,1,40,380,450,13,2,-75 P,...,
2015/05/06 0141,2015/05/06 1200,2015/05/07 2100,...,...,...,...,Y,...,1,80,420,470,13,2,-28 P,...,
2015/05/07 2100,2015/05/07 2100,2015/05/09 0400,...,...,...,...,Y,...,1,0,390,400,6,0,-8 P,...,
2015/05/10 1200,2015/05/10 1200,2015/05/11 0200,...,...,...,...,N,...,2,0,370,400,11,2,-51 P,...,
2015/05/18 1900,2015/05/18 2000,2015/05/19 0200,...,...,...,...,Y,...,3,40,460,480,16,2,-44 P,...,
2015/06/22 1833,2015/06/23 0200,2015/06/24 1400,...,...,...,...,Y,...,2,190,610,740,14,1,-204 P,1040,2015/06/21 0236 H
2015/06/24 1329,2015/06/25 1000,2015/06/26 0600,...,...,...,...,Y,...,2,170,550,720,5,0,-86 P,960,2015/06/22 1836 H
2015/06/26 0600,2015/06/26 1200,2015/06/27 0200,...,...,...,...,Y,...,3,50,490,560,5,1,-57 P,...,
2015/07/13 0138,2015/07/13 0600,2015/07/14 1500,...,...,...,...,Y,...,2,40,490,650,8,0,-61 P,580,2015/07/10 0224
2015/08/07 0600,2015/08/07 1600,2015/08/08 1400,...,...,...,...,N,...,2,10,510,560,9,0,-25 P,...,
2015/08/15 0829,2015/08/15 2100,2015/08/16 0800,...,...,...,...,Y,...,2,10,500,510,12,1,-84 P,640,2015/08/12 1512
2015/08/26 0800,2015/08/26 0800,2015/08/28 1000,...,...,...,...,Y,...,2,20,370,420,11,1,-92 P,...,
2015/09/07 1400,2015/09/08 0000,2015/09/09 1500,...,...,...,...,Y,...,1,190,460,600,15,2,-94 P,620,2015/09/04 1924
2015/09/13 0700,2015/09/13 0700,2015/09/13 1800,...,...,...,...,Y,...,3,10,460,480,5,0,-38 P,...,
2015/09/20 0604,2015/09/21 0800,2015/09/22 0100,...,...,...,...,Y,...,2,120,510,600,5,0,-75 P,850,2015/09/18 0500
2015/10/24 1854,2015/10/25 1400,2015/10/27 0400,...,...,...,...,Y,...,2,60,430,490,7,1,-7 P,...,
2015/11/04 0355,2015/11/04 1500,2015/11/04 1900,...,...,...,...,Y,...,2,70,640,740,8,1,-60 P,...,
2015/11/06 1818,2015/11/07 0600,2015/11/08 1600,...,...,...,...,N,...,1,90,500,680,13,2,-89 P,810,2015/11/04 1448
2015/12/19 1616,2015/12/20 0300,2015/12/21 2000,...,...,...,...,Y,...,1,110,400,490,15,2,-155 P,540,2015/12/16 0924
2015/12/31 0050,2015/12/31 1700,2016/01/02 1100,...,...,...,...,Y,...,2,90,440,480,10,2,-110 P,690,2015/12/28 1212
2016/01/18 2157,2016/01/19 1000,2016/01/21 0000,...,...,...,...,Y,...,2,70,370,400,14,2,-93 P,440,2016/01/14 2324 H
2016/01/24 1400,2016/01/24 1800,2016/01/26 1800,...,...,...,...,Y,...,2,30,410,490,5,1,-10 P,...,
2016/03/05 1000,2016/03/05 1900,2016/03/06 1500,...,...,...,...,N,...,2,10,360,370,12,2,-4 P,...,
2016/03/20 0700,2016/03/20 1400,2016/03/21 0400,...,...,...,...,N,...,3,20,400,430,7,1,-42 P,...,
2016/04/14 0735,2016/04/14 0900,2016/04/15 0400,...,...,...,...,Y,...,3,30,420,480,8,1,-59 P,460,2016/04/10 1100
2016/04/17 0300,2016/04/17 0300,2016/04/18 0800,...,...,...,...,N,...,3,0,400,440,5,1,-25 P,...,
2016/07/19 2305,2016/07/20 0700,2016/07/22 1500,...,...,...,...,Y,...,1,110,440,570,10,2,-23 P,710,2016/07/17 1248
2016/07/24 1500,2016/07/24 2100,2016/07/25 1600,...,...,...,...,Y,...,1,50,430,450,7,2,-34 P,...,
2016/07/25 2200,2016/07/25 2200,2016/07/26 1000,...,...,...,...,Y,...,2,0,370,390,4,0,-10 P,...,
2016/08/02 1400,2016/08/02 1400,2016/08/03 0300,...,...,...,...,Y,...,2,10,420,460,20,2,-14 P,370,2016/07/28 2224
2016/10/12 2212,2016/10/13 0600,2016/10/14 1600,...,...,...,...,Y,...,1,80,390,460,19,2,-104 P,430,2016/10/08 2109 HD
2016/11/04 1800,2016/11/04 1800,2016/11/05 2100,...,...,...,...,Y,...,3W,0,350,360,4,0,-17 P,...,
2016/11/09 0604,2016/11/10 0000,2016/11/10 1600,...,...,...,...,N,...,2,50,360,370,11,2,-59 P,430,2016/11/05 0424
2017/04/04 0100,2017/04/04 0400,2017/04/04 1400,...,...,...,...,Y,...,3,20,410,420,13,2,-44 Q,...,
2017/04/09 0000,2017/04/09 0000,2017/04/10 0800,...,...,...,...,Y,...,3,0,470,520,7,1,-24 Q,...,
2017/04/13 1500,2017/04/14 0000,2017/04/15 0000,...,...,...,...,Y,...,2,50,380,450,6,1,-25 Q,...,
2017/05/27 1534,2017/05/27 2200,2017/05/29 1400,...,...,...,...,Y,...,1,80,360,390,16,2,-122 Q,400,2017/05/23 0536
2017/07/16 0559,2017/07/16 1500,2017/07/17 2000,...,...,...,...,Y,...,1,90,520,620,13,2,-72Q,810,2017/07/14 0125
2017/08/21 2200,2017/08/22 0400,2017/08/23 1800,...,...,...,...,Y,...,3,50,500,620,5,1,-48Q,...,
2017/09/06 2347,2017/09/07 2000,2017/09/08 0400,...,...,...,...,Y,...,2,170,490,580,10,1,-17Q,820,2017/09/04 2036 H
2017/09/07 2302,2017/09/08 1100,2017/09/10 2100,...,...,...,...,Y,...,1,220,590,800,7,1,-124Q,1210,2017/09/06 1224 H
2017/12/25 0000,2017/12/25 0000,2017/12/26 0400,...,...,...,...,N,...,3W,0,480,550,7,1,-24Q,...,
2018/03/09 1809,2018/03/09 2200,2018/03/11 0000,...,...,...,...,Y,...,1,80,410,450,14,2,-39 Q,470,2018/03/06 0130 H
2018/05/13 0600,2018/05/13 0600,2018/05/13 1400,...,...,...,...,Y,...,3,0,430,440,10,1,-21 Q,...,
2018/06/06 1100,2018/06/06 1100,2018/06/07 1000,...,...,...,...,Y,...,2,0,400,440,9,2,-25 Q,...,
2018/06/25 0910,2018/06/25 1000,2018/06/26 0500,...,...,...,...,Y,...,2,0,420,430,7,1,-48 Q,...,
2018/06/30 1300,2018/06/30 2000,2018/07/02 1000,...,...,...,...,Y,...,3,40,390,460,3,1,-10 Q,...,
2018/07/10 1200,2018/07/10 1200,2018/07/11 1100,...,...,...,...,Y,...,2,0,330,360,9,2,0 Q,...,
2018/08/25 0200,2018/08/25 1200,2018/08/26 1200,...,...,...,...,Y,...,2,30,410,440,16,2,-174 Q,410,2018/08/20 2124 D
2018/09/23 0400,2018/09/23 0400,2018/09/24 0000,...,...,...,...,Y,...,3,0,440,460,8,0,-28 Q,...,
2019/05/07 2200,2019/05/07 2200,2019/05/09 0400,...,...,...,...,N,...,3,0,320,330,3,0,-2 Q,...,
2019/05/10 1754,2019/05/11 0600,2019/05/13 0700,...,...,...,...,Y,...,2,40,350,380,8,1,-51 Q,490,2019/05/07 0442 D
2019/05/13 2326,2019/05/14 0600,2019/05/15 1600,...,...,...,...,Y,...,2,60,470,560,8,2,-65 Q,...,
2019/05/16 2100,2019/05/16 2300,2019/05/18 0800,...,...,...,...,Y,...,3,30,450,480,6,1,-10 Q,420,2019/05/12 1954 D?
2019/05/26 2214,2019/05/27 0400,2019/05/28 0000,...,...,...,...,Y,...,1,60,350,370,10,2,-16 Q,...,
2019/10/29 2000,2019/10/29 2000,2019/10/30 2100,...,...,...,...,Y,...,2,20,380,410,10,2,-19 Q,380,2019/10/25 0554 D
2019/11/11 0600,2019/11/11 1000,2019/11/12 1200,...,...,...,...,Y,...,3,60,360,380,12,2,-23 Q,...,
2020/01/04 1000,2020/01/04 1000,2020/01/05 0600,...,...,...,...,Y,...,2,0,370,400,8,2,-24 Q,...,
2020/04/20 0231,2020/04/20 0900,2020/04/21 0400,...,...,...,...,Y,...,1,50,330,360,15,2,-59 Q,330,2020/04/14 2154 D
2020/10/05 0806,2020/10/05 1700,2020/10/06 1400,...,...,...,...,Y,...,2,20,350,370,10,2,-40 Q,300,2020/09/29 1209 D?
2020/12/10 0210,2020/12/10 2300,2020/12/13 0400,...,...,...,...,Y,...,2,110,440,570,5,0,-10 Q,720,2020/12/07 1624H D
2021/02/23 0200,2021/02/23 0800,2021/02/24 1500,...,...,...,...,Y,...,3W,40,510,590,5,0,-31 Q,670,2021/02/20 1136 D
2021/05/12 0640,2021/05/12 1500,2021/05/14 2000,...,...,...,...,Y,...,2,120,410,500,8,2,-61 Q,620,2021/05/09 1123 D
2021/05/26 1246,2021/05/26 2200,2021/05/28 0300,...,...,...,...,...,...,3,40,410,430,9,0,-28 Q,550-700,"2021/05/23 0953, 1138, 1738, 2525 D"
2021/07/05 0141,2021/07/05 0400,2021/07/06 0200,...,...,...,...,Y,...,2,20,340,350,7,2,-18 P,...,
2021/08/27 0114,2021/08/27 1200,2021/08/28 1500,...,...,...,...,Y,...,1,40,380,420,12,2,-82 P,460,2021/08/23 0636 HD
2021/09/27 0000,2021/09/27 0000,2021/09/27 2100,...,...,...,...,Y,...,2,10,390,400,10,2,+7 P,370-530,"2021/09/22 0753 D, 2021/09/23 0548 D, 2021/09/23 1612 D"
2021/10/01 1000,2021/10/01 1100,2021/10/02 1300,...,...,...,...,Y,...,2,20,480,560,11,2,-30 P,550,2021/09/28 0624 D
2021/10/12 0226,2021/10/12 1600,2021/10/14 0000,...,...,...,...,Y,...,2,60,440,490,6,1,-65 P,620,2021/10/09 0712 HD
2021/11/03 1942,2021/11/04 0700,2021/11/05 0500,...,...,...,...,Y,...,1,250,650,770,17,2,-105 P,630-1100,"2021/11/01 0200 D, 1824 D, 2124 D, 2021/11/02 0248 HD"
2021/11/27 2251,2021/11/28 1000,2021/11/29 0200,...,...,...,...,Y,...,2,70,370,400,10,2,-12 P,510,2021/11/24 1426 D
2022/01/18 2340,2022/01/19 0500,2022/01/20 0100,...,...,...,...,Y,...,2,80,610,680,5,1,-44 Q,820,2022/01/16 2048 D
2022/02/01 2220,2022/02/02 1600,2022/02/03 1100,...,...,...,...,Y,...,2,110,460,500,14,2,-66 Q,590,2022/01/29 2336 HD
2022/02/03 2341,2022/02/04 0300,2022/02/04 2000,...,...,...,...,Y,...,2,40,510,570,10,2,-61 Q,...,...
2022/02/09 2100,2022/02/10 1300,2022/02/11 1800,...,...,...,...,N,...,1,30,400,430,13,2,-60 Q,530-540,"2022/02/06 1400 D, 1600 D"
2022/03/13 1047,2022/03/13 2100,2022/03/15 1900,...,...,...,...,Y,...,2,190,410,540,15,2,-85 Q,500-660,"2022/03/09 2348 D, 0200 D, 1848 HD"
2022/03/31 0224,2022/03/31 1200,2022/04/01 1200,...,...,...,...,Y,...,1,60,490,600,20,2,-19 Q,670-770,"2022/03/28 1200 HD, 2024 HD"
2022/04/06 2318,2022/04/07 1300,2022/04/08 2200,...,...,...,...,Y,...,3,40,380,430,8,0,-26 Q,530,2022/04/03 1648 D
2022/04/12 1122,2022/04/13 0200,2022/04/13 2200,...,...,...,...,Y,...,2,60,460,510,11,2,-25 Q,560,2022/04/09 0912 D
2022/04/14 0900,2022/04/14 1300,2022/04/15 0200,...,...,...,...,Y,...,2,20,520,550,18,2,-81 Q,550,2022/04/11 0548 HD
2022/07/07 0900,2022/07/07 1200,2022/07/08 0800,...,...,...,...,Y,...,1,30,380,400,19,2,-81 Q,410,2022/07/03 0309 D
2022/07/08 0200,2022/07/08 1100,2022/07/08 1900,...,...,...,...,Y,...,2,20,400,410,10,1,-37 Q,600,2022/07/05 0436 D
2022/07/09 1200,2022/07/09 1400,2022/07/10 1200,...,...,...,...,Y,...,3,0,370,380,5,0,-18 Q,...,...
2022/07/18 2119,2022/07/19 0500,2022/07/20 1100,...,...,...,...,Y,...,1,100,440,490,10,2,-61 Q,530,2022/07/15 1548 D
2022/08/19 1731,2022/08/20 0800,2022/08/20 1800,...,...,...,...,Y,...,3,50,490,700,5,1,-38 Q,560,2022/08/16 1524 D
2022/08/30 1925,2022/08/30 2200,2022/08/31 2000,...,...,...,...,Y,...,3W,20,520,580,7,0,-8 Q,...,...
2022/09/12 0700,2022/09/12 0700,2022/09/12 2100,...,...,...,...,Y,...,3W,0,380,400,6,1,-19 Q,400,2022/09/07 2236 D
2022/10/21 1000,2022/10/21 1000,2022/10/22 1800,...,...,...,...,N,...,3,10,360,370,9,2,-76 Q,...,...
2022/11/06 2000,2022/11/07 0300,2022/11/07 1900,...,...,...,...,Y,...,2,20,390,410,12,2,-92 Q,...,...
2022/11/12 1200,2022/11/12 1200,2022/11/13 1200,...,...,...,...,N,...,3,20,460,470,7,1,-9 Q,...,...
2023/01/03 2100,2023/01/04 0200,2023/01/05 2200,...,...,...,...,Y,...,1,30,380,430,18,2,-61 Q,420,2022/12/30 1653 D
2023/02/27 1000,2023/02/27 2000,2023/02/28 1700,...,...,...,...,N,...,3,110,650,820,10,0,-132 Q,1080,2023/02/25 1924 HD
2023/03/01 0000,2023/03/01 0900,2023/03/01 2100,...,...,...,...,Y,...,2,30,590,700,6,1,-29 Q,...,...
2023/03/02 0900,2023/03/02 0900,2023/03/02 2200,...,...,...,...,N,...,3,20,480,510,8,1,-37 Q,...,...
2023/03/12 0600,2023/03/12 0900,2023/03/14 0200,...,...,...,...,Y,...,3,20,350,390,7,1,-2 Q,...,...
2023/03/15 0427,2023/03/15 2100,2023/03/17 0700,...,...,...,...,Y,...,2,110,490,570,7,0,-38 Q,730,2023/03/12 1912 HD
2023/03/23 0500,2023/03/23 1400,2023/03/24 0700,...,...,...,...,Y,...,1,30,450,490,20,2,-163 Q,560-670,"2023/03/20 0241 D, 1442 HD"
2023/04/18 1402,2023/04/19 0800,2023/04/21 0200,...,...,...,...,Y,...,1,140,420,620,9,2,-36 Q,...,...
2023/04/23 1738,2023/04/24 0100,2023/04/25 1900,...,...,...,...,Y,...,2,140,520,680,17,2,-212 Q,880,2023/04/21 1812 D
2023/05/09 2250,2023/05/10 1200,2023/05/12 0600,...,...,...,...,Y,...,2,120,550,660,6,0,-18 Q,870,2023/05/07 2312 D
2023/05/12 0633,2023/05/12 1200,2023/05/13 2100,...,...,...,...,Y,...,2,110,480,580,7,0,-16 Q,700,2023/05/09 1900 D
2023/05/20 1000,2023/05/20 1000,2023/05/21 1600,...,...,...,...,Y,...,3W,40,520,590,7,1,-57 Q,...,...
2023/07/07 1200,2023/07/07 1200,2023/07/08 1500,...,...,...,...,Y,...,3W,0,450,500,6,0,-33 Q,520,2023/07/04 0412 D
2023/07/14 1611,2023/07/14 2000,2023/07/15 1000,...,...,...,...,Y,...,2,40,380,430,12,1,-34 Q,380-610,"2023/07/10 0400 HD, 2023/07/11 1924 HD"
2023/07/16 1922,2023/07/17 2000,2023/07/19 0400,...,...,...,...,...,...,1,100,500,570,6,1,-53 Q,860,"2023/07/14 1903, 2023/07/14 1910 D"
2023/07/25 2233,2023/07/26 1700,2023/07/28 1100,...,...,...,...,Y,...,2,110,460,570,7,0,-52 Q,750,2023/07/23 1506 HD
2023/08/05 0255,2023/08/05 1800,2023/08/06 1400,...,...,...,...,Y,...,3,60,350,440,8,1,-93 Q,630,2023/08/02 0912 HD
2023/09/02 0434,2023/09/02 2000,2023/09/04 0000,...,...,...,...,Y,...,2,40,490,720,7,0,-61 Q,760,2023/08/30 2200 D
2023/09/17 0234,2023/09/18 0200,2023/09/19 0000,...,...,...,...,Y,...,2,70,430,480,10,1,-23 Q,620,2023/09/14 0724 HD
2023/09/18 1331,2023/09/19 0800,2023/09/21 1000,...,...,...,...,Y,...,3,110,510,640,6,0,-85 Q,790,2023/09/16 0912 HD
2023/09/24 2043,2023/09/25 0900,2023/09/26 1100,...,...,...,...,Y,...,1,110,440,480,19,2,-69 Q,630-680,"2023/09/22 0224 D, 2023/09/22 0712 D, 2023/09/22 0736 D"
2023/09/28 2131,2023/09/29 1000,2023/09/30 2300,...,...,...,...,Y,...,2,70,430,460,6,1,-47 Q,...,...
2023/10/05 2225,2023/10/06 1600,2023/10/07 1800,...,...,...,...,Y,...,2,50,370,490,6,0,-17 Q,550,2023/10/02 1824 D
2023/11/12 0613,2023/11/12 1200,2023/11/13 1700,...,...,...,...,Y,...,3,70,460,570,8,1,-42 Q,630,2023/11/09 1223 D
2023/12/01 0926,2023/12/01 2000,2023/12/03 0000,...,...,...,...,Y,...,1,100,460,530,14,2,-107 Q,680,"2023/11/28 2024 D, 2023/11/28 2048 D"
2023/12/15 1148,2023/12/15 2200,2023/12/16 1200,...,...,...,...,Y,...,3,120,500,510,8,0,-33 Q,500-690,"2023/12/12 0000 D, 2023/12/13 0000 D"
2023/12/17 0739,2023/12/17 2200,2023/12/18 1500,...,...,...,...,Y,...,3,80,470,530,11,0,-83 Q,580-670,"2023/12/14 0836 D, 2023/12/14 1738 D"
2024/01/03 1510,2024/01/03 2100,2024/01/04 1000,...,...,...,...,Y,...,3,50,450,480,7,1,-22 P,540,2023/12/31 0948 D
2024/01/23 2300,2024/01/23 2300,2024/01/25 0600,...,...,...,...,Y,...,2,20,440,470,4,0,-15 P,...,...
2024/01/26 2000,2024/01/26 2300,2024/01/28 1600,...,...,...,...,Y,...,2,60,380,470,7,0,-10 P,400-490,"2024/01/22 1048 HD, 2236 D, 2024/01/23 0348 D, 0724 D"
2024/03/21 0250,2024/03/21 1500,2024/03/23 0000,...,...,...,...,Y,...,2,30,360,380,9,0,-72 P,430,2024/03/17 0248 D
2024/03/24 1434,2024/03/24 1800,2024/03/26 1000,...,...,...,...,Y,...,1,250,700,850,14,2,-128 P,1120,2024/03/23 0125 HD
2024/04/30 1222,2024/05/01 0000,2024/05/02 0000,...,...,...,...,Y,...,1,20,380,420,12,2,-26 P,...,...
2024/05/02 1407,2024/05/03 0200,2024/05/05 0400,...,...,...,...,Y,...,2,40,390,500,4,0,-89 P,...,...
2024/05/10 1705,2024/05/10 2000,2024/05/12 1500,...,...,...,...,Y,...,2,260,800,960,25,0,-406 P,480-1830,"2024/05/07 0312 D, 0524 D, 2024/05/08 0536 HD, 1224 HD, 1912 D, 2224 HD, 2024/05/09 0924 HD, 1823 HD"
2024/05/12 0917,2024/05/12 2100,2024/05/14 0600,...,...,...,...,Y,...,1,30,660,900,7,1,...,830-1380,"2024/05/10 0712 HD, 2128 D, 2313 D, 2024/05/11 0136 HD, 0312 D"
2024/05/17 1329,2024/05/18 0000,2024/05/19 1800,...,...,...,...,Y,...,3,90,400,470,7,1,-88 P,550,2024/05/14 1009 D
2024/06/28 1014,2024/06/28 1700,2024/06/29 0400,...,...,...,...,dg,...,2,40,470,490,9,1,-107 P,540,2024/06/25 0500 D
2024/07/15 2200,2024/07/15 2200,2024/07/16 1600,...,...,...,...,Y,...,2,60,350,380,14,2,-13 P,...,...
2024/07/23 2023,2024/07/24 0000,2024/07/25 0100,...,...,...,...,Y,...,3,50,320,350,12,2,+7 P,440,"2024/07/19 2136 D, 2224 D"
2024/07/30 0003,2024/07/30 0300,2024/07/31 1500,...,...,...,...,Y,...,2,110,450,500,9,2,-28 P,520-630,"2024/07/26 1523 D, 2048 D, 2124 D, 2024/07/27 0636 D"
2024/07/31 1128,2024/08/01 0000,2024/08/01 1800,...,...,...,...,Y,...,3,30,430,490,9,0,-25 P,430-900,"2024/07/27 1112 HD, 2136 D, 2024/07/28 0224 HD, 1212 D, 1436 D, 2024/07/29 0200 D, 0212 D, 1325 HD"
2024/08/10 1250,2024/08/11 1200,2024/08/14 0000,...,...,...,...,Y,...,2,0,460,520,18,2,-188 P,>=510,"2024/08/07 0324 D, 1412 HD, 1912 HD, 2024/08/08 0512 HD, 1948 HD, 2024/08/09 0824 D, 1253 D, 2136 HD"
2024/08/17 1423,2024/08/17 1700,2024/08/18 1200,...,...,...,...,Y,...,2,120,450,470,14,1,-20 P,530,2024/08/14 0824 HD
2024/08/27 0841,2024/08/27 1600,2024/08/30 0800,...,...,...,...,Y,...,3,60,310,370,7,2,-76 P,400,2024/08/23 0200 D
2024/08/31 1200,2024/08/31 1700,2024/09/01 1000,...,...,...,...,Y,...,3,30,380,410,11,2,-51 P,...,...
2024/09/02 1800,2024/09/03 0200,2024/09/04 1200,...,...,...,...,Y,...,3,30,380,470,10,2,-21 P,...,...
2024/09/04 1032,2024/09/04 1400,2024/09/06 0000,...,...,...,...,Y,...,3,80,390,440,11,1,+10 P,...,...
2024/10/06 0739,2024/10/06 1400,2024/10/07 2000,...,...,...,...,Y,...,3,80,480,530,13,0,-96 P,620,2024/10/03 1248 HD
2024/10/08 0000,2024/10/08 0000,2024/10/08 1100,...,...,...,...,Y,...,3,0,420,440,16,1,-148 P,420-450,"2024/10/03 2036 D, 2024/10/04 0413 D"
2024/10/10 1514,2024/10/10 2200,2024/10/12 0300,...,...,...,...,Y,...,1,360,690,750,20,2,-333 P,730-1120,"2024/10/08 0612 D, 2024/10/09 0209 D, 0212 HD"
2024/10/12 0900,2024/10/12 1200,2024/10/14 1800,...,...,...,...,Y,...,2,80,480,630,5,0,... P,...,...
2024/11/29 0305,2024/11/29 1700,2024/12/01 0600,...,...,...,...,Y,...,3W,70,390,430,9,0,-9 Q,430-540,"2024/11/25 0312 D, 0400 D, 2124 D"
2024/12/17 0517,2024/12/17 0800,2024/12/17 2000,...,...,...,...,Y,...,1,20,640,660,20,2,-19 Q,800-850,"2024/12/15 0125 D, 0423 D"
2024/12/31 1623,2025/01/01 1000,2025/01/02 0500,...,...,...,...,Y,...,2,100,510,530,15,0,-221 Q,660-900,"2024/12/29 0123 D, 0612 HD, 1824 D"
2025/01/02 0500,2025/01/02 1200,2025/01/03 2200,...,...,...,...,Y,...,1,30,460,540,7,2,... Q,...,...
